<Anims>
 <anim name="open_90s" root="ui_chest_4x5" numframes="225" framerate="40">
  <frame idx="0" w="1097" h="249" x="-664.202148" y="-195.101990">
   <element name="frame" layername="frame" frame="0" z_index="1" m_a="0.500000" m_b="0.000000" m_c="0.000000" m_d="0.075930" m_tx="-498.000000" m_ty="-10.000000"/>
  </frame>
  <frame idx="25" w="1102" h="268" x="-660.507690" y="-177.900436">
   <element name="frame" layername="frame" frame="0" z_index="1" m_a="0.511111" m_b="0.000000" m_c="0.000000" m_d="0.161938" m_tx="-498.000000" m_ty="-10.000000"/>
  </frame>
  <frame idx="50" w="1106" h="286" x="-656.813232" y="-160.698883">
   <element name="frame" layername="frame" frame="0" z_index="1" m_a="0.522222" m_b="0.000000" m_c="0.000000" m_d="0.247946" m_tx="-498.000000" m_ty="-10.000000"/>
  </frame>
  <frame idx="75" w="1109" h="306" x="-653.118774" y="-143.497314">
   <element name="frame" layername="frame" frame="0" z_index="1" m_a="0.533333" m_b="0.000000" m_c="0.000000" m_d="0.333953" m_tx="-498.000000" m_ty="-10.000000"/>
  </frame>
  <frame idx="100" w="1114" h="325" x="-649.424377" y="-126.295769">
   <element name="frame" layername="frame" frame="0" z_index="1" m_a="0.544444" m_b="0.000000" m_c="0.000000" m_d="0.419961" m_tx="-498.000000" m_ty="-10.000000"/>
  </frame>
  <frame idx="125" w="1118" h="344" x="-645.729919" y="-109.094208">
   <element name="frame" layername="frame" frame="0" z_index="1" m_a="0.555556" m_b="0.000000" m_c="0.000000" m_d="0.505969" m_tx="-498.000000" m_ty="-10.000000"/>
  </frame>
  <frame idx="150" w="1121" h="362" x="-642.035461" y="-91.892654">
   <element name="frame" layername="frame" frame="0" z_index="1" m_a="0.566667" m_b="0.000000" m_c="0.000000" m_d="0.591977" m_tx="-498.000000" m_ty="-10.000000"/>
  </frame>
  <frame idx="175" w="1126" h="381" x="-638.341064" y="-74.691101">
   <element name="frame" layername="frame" frame="0" z_index="1" m_a="0.577778" m_b="0.000000" m_c="0.000000" m_d="0.677984" m_tx="-498.000000" m_ty="-10.000000"/>
  </frame>
  <frame idx="200" w="1130" h="401" x="-634.646606" y="-57.489548">
   <element name="frame" layername="frame" frame="0" z_index="1" m_a="0.588889" m_b="0.000000" m_c="0.000000" m_d="0.763992" m_tx="-498.000000" m_ty="-10.000000"/>
  </frame>
 </anim>
</Anims>
