<Anims>
 <anim name="closed_90s" root="magician_chest" numframes="1000" framerate="40">
  <frame idx="0" w="299" h="681" x="1.000015" y="-205.000000">
   <element name="symbol0" layername="symbo" frame="0" z_index="4" m_a="1.000000" m_b="0.000000" m_c="0.000000" m_d="1.000000" m_tx="-1.000000" m_ty="-15.999892"/>
  </frame>
  <frame idx="25" w="299" h="681" x="1.000015" y="-205.000000">
   <element name="symbol0" layername="symbo" frame="0" z_index="4" m_a="1.000000" m_b="0.000000" m_c="0.000000" m_d="1.000000" m_tx="-1.000000" m_ty="-15.999892"/>
  </frame>
  <frame idx="50" w="299" h="681" x="1.000015" y="-205.000000">
   <element name="symbol0" layername="symbo" frame="0" z_index="4" m_a="1.000000" m_b="0.000000" m_c="0.000000" m_d="1.000000" m_tx="-1.000000" m_ty="-15.999892"/>
  </frame>
  <frame idx="75" w="299" h="681" x="1.000015" y="-205.000000">
   <element name="symbol0" layername="symbo" frame="0" z_index="4" m_a="1.000000" m_b="0.000000" m_c="0.000000" m_d="1.000000" m_tx="-1.000000" m_ty="-15.999892"/>
  </frame>
  <frame idx="100" w="299" h="681" x="1.000015" y="-205.000000">
   <element name="symbol0" layername="symbo" frame="0" z_index="4" m_a="1.000000" m_b="0.000000" m_c="0.000000" m_d="1.000000" m_tx="-1.000000" m_ty="-15.999892"/>
  </frame>
  <frame idx="125" w="299" h="681" x="1.000015" y="-205.000000">
   <element name="symbol0" layername="symbo" frame="0" z_index="4" m_a="1.000000" m_b="0.000000" m_c="0.000000" m_d="1.000000" m_tx="-1.000000" m_ty="-15.999892"/>
  </frame>
  <frame idx="150" w="299" h="681" x="1.000015" y="-205.000000">
   <element name="symbol0" layername="symbo" frame="0" z_index="4" m_a="1.000000" m_b="0.000000" m_c="0.000000" m_d="1.000000" m_tx="-1.000000" m_ty="-15.999892"/>
  </frame>
  <frame idx="175" w="299" h="681" x="1.000015" y="-205.000000">
   <element name="symbol0" layername="symbo" frame="0" z_index="4" m_a="1.000000" m_b="0.000000" m_c="0.000000" m_d="1.000000" m_tx="-1.000000" m_ty="-15.999892"/>
  </frame>
  <frame idx="200" w="299" h="681" x="1.000015" y="-205.000000">
   <element name="symbol0" layername="symbo" frame="0" z_index="4" m_a="1.000000" m_b="0.000000" m_c="0.000000" m_d="1.000000" m_tx="-1.000000" m_ty="-15.999892"/>
  </frame>
  <frame idx="225" w="299" h="681" x="1.000015" y="-205.000000">
   <element name="symbol0" layername="symbo" frame="0" z_index="4" m_a="1.000000" m_b="0.000000" m_c="0.000000" m_d="1.000000" m_tx="-1.000000" m_ty="-15.999892"/>
  </frame>
  <frame idx="250" w="299" h="681" x="1.000015" y="-205.000000">
   <element name="symbol0" layername="symbo" frame="0" z_index="4" m_a="1.000000" m_b="0.000000" m_c="0.000000" m_d="1.000000" m_tx="-1.000000" m_ty="-15.999892"/>
  </frame>
  <frame idx="275" w="299" h="681" x="1.000015" y="-205.000000">
   <element name="symbol0" layername="symbo" frame="0" z_index="4" m_a="1.000000" m_b="0.000000" m_c="0.000000" m_d="1.000000" m_tx="-1.000000" m_ty="-15.999892"/>
  </frame>
  <frame idx="300" w="299" h="681" x="1.000015" y="-205.000000">
   <element name="symbol0" layername="symbo" frame="0" z_index="4" m_a="1.000000" m_b="0.000000" m_c="0.000000" m_d="1.000000" m_tx="-1.000000" m_ty="-15.999892"/>
  </frame>
  <frame idx="325" w="299" h="681" x="1.000015" y="-205.000000">
   <element name="symbol0" layername="symbo" frame="0" z_index="4" m_a="1.000000" m_b="0.000000" m_c="0.000000" m_d="1.000000" m_tx="-1.000000" m_ty="-15.999892"/>
  </frame>
  <frame idx="350" w="299" h="681" x="1.000015" y="-205.000000">
   <element name="symbol0" layername="symbo" frame="0" z_index="4" m_a="1.000000" m_b="0.000000" m_c="0.000000" m_d="1.000000" m_tx="-1.000000" m_ty="-15.999892"/>
  </frame>
  <frame idx="375" w="299" h="681" x="1.000015" y="-205.000000">
   <element name="symbol0" layername="symbo" frame="0" z_index="4" m_a="1.000000" m_b="0.000000" m_c="0.000000" m_d="1.000000" m_tx="-1.000000" m_ty="-15.999892"/>
  </frame>
  <frame idx="400" w="299" h="681" x="1.000015" y="-205.000000">
   <element name="symbol0" layername="symbo" frame="0" z_index="4" m_a="1.000000" m_b="0.000000" m_c="0.000000" m_d="1.000000" m_tx="-1.000000" m_ty="-15.999892"/>
  </frame>
  <frame idx="425" w="299" h="681" x="1.000015" y="-205.000000">
   <element name="symbol0" layername="symbo" frame="0" z_index="4" m_a="1.000000" m_b="0.000000" m_c="0.000000" m_d="1.000000" m_tx="-1.000000" m_ty="-15.999892"/>
  </frame>
  <frame idx="450" w="299" h="681" x="1.000015" y="-205.000000">
   <element name="symbol0" layername="symbo" frame="0" z_index="4" m_a="1.000000" m_b="0.000000" m_c="0.000000" m_d="1.000000" m_tx="-1.000000" m_ty="-15.999892"/>
  </frame>
  <frame idx="475" w="299" h="681" x="1.000015" y="-205.000000">
   <element name="symbol0" layername="symbo" frame="0" z_index="4" m_a="1.000000" m_b="0.000000" m_c="0.000000" m_d="1.000000" m_tx="-1.000000" m_ty="-15.999892"/>
  </frame>
  <frame idx="500" w="299" h="681" x="1.000015" y="-205.000000">
   <element name="symbol0" layername="symbo" frame="0" z_index="4" m_a="1.000000" m_b="0.000000" m_c="0.000000" m_d="1.000000" m_tx="-1.000000" m_ty="-15.999892"/>
  </frame>
  <frame idx="525" w="299" h="681" x="1.000015" y="-205.000000">
   <element name="symbol0" layername="symbo" frame="0" z_index="4" m_a="1.000000" m_b="0.000000" m_c="0.000000" m_d="1.000000" m_tx="-1.000000" m_ty="-15.999892"/>
  </frame>
  <frame idx="550" w="299" h="681" x="1.000015" y="-205.000000">
   <element name="symbol0" layername="symbo" frame="0" z_index="4" m_a="1.000000" m_b="0.000000" m_c="0.000000" m_d="1.000000" m_tx="-1.000000" m_ty="-15.999892"/>
  </frame>
  <frame idx="575" w="299" h="681" x="1.000015" y="-205.000000">
   <element name="symbol0" layername="symbo" frame="0" z_index="4" m_a="1.000000" m_b="0.000000" m_c="0.000000" m_d="1.000000" m_tx="-1.000000" m_ty="-15.999892"/>
  </frame>
  <frame idx="600" w="299" h="681" x="1.000015" y="-205.000000">
   <element name="symbol0" layername="symbo" frame="0" z_index="4" m_a="1.000000" m_b="0.000000" m_c="0.000000" m_d="1.000000" m_tx="-1.000000" m_ty="-15.999892"/>
  </frame>
  <frame idx="625" w="299" h="681" x="1.000015" y="-205.000000">
   <element name="symbol0" layername="symbo" frame="0" z_index="4" m_a="1.000000" m_b="0.000000" m_c="0.000000" m_d="1.000000" m_tx="-1.000000" m_ty="-15.999892"/>
  </frame>
  <frame idx="650" w="299" h="681" x="1.000015" y="-205.000000">
   <element name="symbol0" layername="symbo" frame="0" z_index="4" m_a="1.000000" m_b="0.000000" m_c="0.000000" m_d="1.000000" m_tx="-1.000000" m_ty="-15.999892"/>
  </frame>
  <frame idx="675" w="299" h="681" x="1.000015" y="-205.000000">
   <element name="symbol0" layername="symbo" frame="0" z_index="4" m_a="1.000000" m_b="0.000000" m_c="0.000000" m_d="1.000000" m_tx="-1.000000" m_ty="-15.999892"/>
  </frame>
  <frame idx="700" w="299" h="681" x="1.000015" y="-205.000000">
   <element name="symbol0" layername="symbo" frame="0" z_index="4" m_a="1.000000" m_b="0.000000" m_c="0.000000" m_d="1.000000" m_tx="-1.000000" m_ty="-15.999892"/>
  </frame>
  <frame idx="725" w="299" h="681" x="1.000015" y="-205.000000">
   <element name="symbol0" layername="symbo" frame="0" z_index="4" m_a="1.000000" m_b="0.000000" m_c="0.000000" m_d="1.000000" m_tx="-1.000000" m_ty="-15.999892"/>
  </frame>
  <frame idx="750" w="299" h="681" x="1.000015" y="-205.000000">
   <element name="symbol0" layername="symbo" frame="0" z_index="4" m_a="1.000000" m_b="0.000000" m_c="0.000000" m_d="1.000000" m_tx="-1.000000" m_ty="-15.999892"/>
  </frame>
  <frame idx="775" w="299" h="681" x="1.000015" y="-205.000000">
   <element name="symbol0" layername="symbo" frame="0" z_index="4" m_a="1.000000" m_b="0.000000" m_c="0.000000" m_d="1.000000" m_tx="-1.000000" m_ty="-15.999892"/>
  </frame>
  <frame idx="800" w="299" h="681" x="1.000015" y="-205.000000">
   <element name="symbol0" layername="symbo" frame="0" z_index="4" m_a="1.000000" m_b="0.000000" m_c="0.000000" m_d="1.000000" m_tx="-1.000000" m_ty="-15.999892"/>
  </frame>
  <frame idx="825" w="299" h="681" x="1.000015" y="-205.000000">
   <element name="symbol0" layername="symbo" frame="0" z_index="4" m_a="1.000000" m_b="0.000000" m_c="0.000000" m_d="1.000000" m_tx="-1.000000" m_ty="-15.999892"/>
  </frame>
  <frame idx="850" w="299" h="681" x="1.000015" y="-205.000000">
   <element name="symbol0" layername="symbo" frame="0" z_index="4" m_a="1.000000" m_b="0.000000" m_c="0.000000" m_d="1.000000" m_tx="-1.000000" m_ty="-15.999892"/>
  </frame>
  <frame idx="875" w="299" h="681" x="1.000015" y="-205.000000">
   <element name="symbol0" layername="symbo" frame="0" z_index="4" m_a="1.000000" m_b="0.000000" m_c="0.000000" m_d="1.000000" m_tx="-1.000000" m_ty="-15.999892"/>
  </frame>
  <frame idx="900" w="299" h="681" x="1.000015" y="-205.000000">
   <element name="symbol0" layername="symbo" frame="0" z_index="4" m_a="1.000000" m_b="0.000000" m_c="0.000000" m_d="1.000000" m_tx="-1.000000" m_ty="-15.999892"/>
  </frame>
  <frame idx="925" w="299" h="681" x="1.000015" y="-205.000000">
   <element name="symbol0" layername="symbo" frame="0" z_index="4" m_a="1.000000" m_b="0.000000" m_c="0.000000" m_d="1.000000" m_tx="-1.000000" m_ty="-15.999892"/>
  </frame>
  <frame idx="950" w="299" h="681" x="1.000015" y="-205.000000">
   <element name="symbol0" layername="symbo" frame="0" z_index="4" m_a="1.000000" m_b="0.000000" m_c="0.000000" m_d="1.000000" m_tx="-1.000000" m_ty="-15.999892"/>
  </frame>
  <frame idx="975" w="299" h="681" x="1.000015" y="-205.000000">
   <element name="symbol0" layername="symbo" frame="0" z_index="4" m_a="1.000000" m_b="0.000000" m_c="0.000000" m_d="1.000000" m_tx="-1.000000" m_ty="-15.999892"/>
  </frame>
 </anim>
 <anim name="place_90s" root="magician_chest" numframes="500" framerate="40">
  <frame idx="0" w="299" h="709" x="1.000015" y="-229.000122">
   <element name="symbol0" layername="symbo" frame="0" z_index="4" m_a="1.000000" m_b="0.000000" m_c="0.000000" m_d="1.000000" m_tx="-1.000000" m_ty="-40.000000"/>
  </frame>
  <frame idx="25" w="299" h="704" x="1.000015" y="-225.000092">
   <element name="symbol0" layername="symbo" frame="0" z_index="4" m_a="1.000000" m_b="0.000000" m_c="0.000000" m_d="1.000000" m_tx="-1.000000" m_ty="-35.999981"/>
  </frame>
  <frame idx="50" w="299" h="700" x="1.000015" y="-221.000061">
   <element name="symbol0" layername="symbo" frame="0" z_index="4" m_a="1.000000" m_b="0.000000" m_c="0.000000" m_d="1.000000" m_tx="-1.000000" m_ty="-31.999962"/>
  </frame>
  <frame idx="75" w="299" h="696" x="1.000015" y="-217.000061">
   <element name="symbol0" layername="symbo" frame="0" z_index="4" m_a="1.000000" m_b="0.000000" m_c="0.000000" m_d="1.000000" m_tx="-1.000000" m_ty="-27.999945"/>
  </frame>
  <frame idx="100" w="299" h="690" x="1.000015" y="-213.000031">
   <element name="symbol0" layername="symbo" frame="0" z_index="4" m_a="1.000000" m_b="0.000000" m_c="0.000000" m_d="1.000000" m_tx="-1.000000" m_ty="-23.999926"/>
  </frame>
  <frame idx="125" w="299" h="686" x="1.000015" y="-209.000000">
   <element name="symbol0" layername="symbo" frame="0" z_index="4" m_a="1.000000" m_b="0.000000" m_c="0.000000" m_d="1.000000" m_tx="-1.000000" m_ty="-19.999908"/>
  </frame>
  <frame idx="150" w="299" h="681" x="1.000015" y="-205.000000">
   <element name="symbol0" layername="symbo" frame="0" z_index="4" m_a="1.000000" m_b="0.000000" m_c="0.000000" m_d="1.000000" m_tx="-1.000000" m_ty="-15.999890"/>
  </frame>
  <frame idx="175" w="299" h="674" x="1.000015" y="-212.291885">
   <element name="symbol0" layername="symbo" frame="0" z_index="4" m_a="1.000000" m_b="0.000000" m_c="0.000000" m_d="0.964774" m_tx="-1.000000" m_ty="-15.999890"/>
  </frame>
  <frame idx="200" w="299" h="666" x="1.000015" y="-219.583771">
   <element name="symbol0" layername="symbo" frame="0" z_index="4" m_a="1.000000" m_b="0.000000" m_c="0.000000" m_d="0.929547" m_tx="-1.000000" m_ty="-15.999890"/>
  </frame>
  <frame idx="225" w="299" h="667" x="1.000015" y="-218.368454">
   <element name="symbol0" layername="symbo" frame="0" z_index="4" m_a="1.000000" m_b="0.000000" m_c="0.000000" m_d="0.935418" m_tx="-1.000000" m_ty="-15.999890"/>
  </frame>
  <frame idx="250" w="299" h="668" x="1.000015" y="-217.153137">
   <element name="symbol0" layername="symbo" frame="0" z_index="4" m_a="1.000000" m_b="0.000000" m_c="0.000000" m_d="0.941289" m_tx="-1.000000" m_ty="-15.999890"/>
  </frame>
  <frame idx="275" w="299" h="670" x="1.000015" y="-215.937836">
   <element name="symbol0" layername="symbo" frame="0" z_index="4" m_a="1.000000" m_b="0.000000" m_c="0.000000" m_d="0.947160" m_tx="-1.000000" m_ty="-15.999891"/>
  </frame>
  <frame idx="300" w="299" h="671" x="1.000015" y="-214.722504">
   <element name="symbol0" layername="symbo" frame="0" z_index="4" m_a="1.000000" m_b="0.000000" m_c="0.000000" m_d="0.953031" m_tx="-1.000000" m_ty="-15.999891"/>
  </frame>
  <frame idx="325" w="299" h="673" x="1.000015" y="-213.507202">
   <element name="symbol0" layername="symbo" frame="0" z_index="4" m_a="1.000000" m_b="0.000000" m_c="0.000000" m_d="0.958902" m_tx="-1.000000" m_ty="-15.999891"/>
  </frame>
  <frame idx="350" w="299" h="674" x="1.000015" y="-212.291885">
   <element name="symbol0" layername="symbo" frame="0" z_index="4" m_a="1.000000" m_b="0.000000" m_c="0.000000" m_d="0.964774" m_tx="-1.000000" m_ty="-15.999891"/>
  </frame>
  <frame idx="375" w="299" h="675" x="1.000015" y="-211.076569">
   <element name="symbol0" layername="symbo" frame="0" z_index="4" m_a="1.000000" m_b="0.000000" m_c="0.000000" m_d="0.970645" m_tx="-1.000000" m_ty="-15.999891"/>
  </frame>
  <frame idx="400" w="299" h="677" x="1.000015" y="-209.861267">
   <element name="symbol0" layername="symbo" frame="0" z_index="4" m_a="1.000000" m_b="0.000000" m_c="0.000000" m_d="0.976516" m_tx="-1.000000" m_ty="-15.999891"/>
  </frame>
  <frame idx="425" w="299" h="678" x="1.000015" y="-208.645935">
   <element name="symbol0" layername="symbo" frame="0" z_index="4" m_a="1.000000" m_b="0.000000" m_c="0.000000" m_d="0.982387" m_tx="-1.000000" m_ty="-15.999891"/>
  </frame>
  <frame idx="450" w="299" h="679" x="1.000015" y="-207.430634">
   <element name="symbol0" layername="symbo" frame="0" z_index="4" m_a="1.000000" m_b="0.000000" m_c="0.000000" m_d="0.988258" m_tx="-1.000000" m_ty="-15.999892"/>
  </frame>
  <frame idx="475" w="299" h="680" x="1.000015" y="-206.215302">
   <element name="symbol0" layername="symbo" frame="0" z_index="4" m_a="1.000000" m_b="0.000000" m_c="0.000000" m_d="0.994129" m_tx="-1.000000" m_ty="-15.999892"/>
  </frame>
 </anim>
 <anim name="opened_90s" root="magician_chest" numframes="1000" framerate="40">
  <frame idx="0" w="357" h="660" x="0.095245" y="-200.000000">
   <element name="symbol0" layername="symbo" frame="1" z_index="4" m_a="1.000000" m_b="0.000000" m_c="0.000000" m_d="1.000000" m_tx="-161.904755" m_ty="-400.000000"/>
  </frame>
  <frame idx="25" w="357" h="660" x="0.095245" y="-200.000000">
   <element name="symbol0" layername="symbo" frame="1" z_index="4" m_a="1.000000" m_b="0.000000" m_c="0.000000" m_d="1.000000" m_tx="-161.904755" m_ty="-400.000000"/>
  </frame>
  <frame idx="50" w="357" h="660" x="0.095245" y="-200.000000">
   <element name="symbol0" layername="symbo" frame="1" z_index="4" m_a="1.000000" m_b="0.000000" m_c="0.000000" m_d="1.000000" m_tx="-161.904755" m_ty="-400.000000"/>
  </frame>
  <frame idx="75" w="357" h="660" x="0.095245" y="-200.000000">
   <element name="symbol0" layername="symbo" frame="1" z_index="4" m_a="1.000000" m_b="0.000000" m_c="0.000000" m_d="1.000000" m_tx="-161.904755" m_ty="-400.000000"/>
  </frame>
  <frame idx="100" w="357" h="660" x="0.095245" y="-200.000000">
   <element name="symbol0" layername="symbo" frame="1" z_index="4" m_a="1.000000" m_b="0.000000" m_c="0.000000" m_d="1.000000" m_tx="-161.904755" m_ty="-400.000000"/>
  </frame>
  <frame idx="125" w="357" h="660" x="0.095245" y="-200.000000">
   <element name="symbol0" layername="symbo" frame="1" z_index="4" m_a="1.000000" m_b="0.000000" m_c="0.000000" m_d="1.000000" m_tx="-161.904755" m_ty="-400.000000"/>
  </frame>
  <frame idx="150" w="357" h="660" x="0.095245" y="-200.000000">
   <element name="symbol0" layername="symbo" frame="1" z_index="4" m_a="1.000000" m_b="0.000000" m_c="0.000000" m_d="1.000000" m_tx="-161.904755" m_ty="-400.000000"/>
  </frame>
  <frame idx="175" w="357" h="660" x="0.095245" y="-200.000000">
   <element name="symbol0" layername="symbo" frame="1" z_index="4" m_a="1.000000" m_b="0.000000" m_c="0.000000" m_d="1.000000" m_tx="-161.904755" m_ty="-400.000000"/>
  </frame>
  <frame idx="200" w="357" h="660" x="0.095245" y="-200.000000">
   <element name="symbol0" layername="symbo" frame="1" z_index="4" m_a="1.000000" m_b="0.000000" m_c="0.000000" m_d="1.000000" m_tx="-161.904755" m_ty="-400.000000"/>
  </frame>
  <frame idx="225" w="357" h="660" x="0.095245" y="-200.000000">
   <element name="symbol0" layername="symbo" frame="1" z_index="4" m_a="1.000000" m_b="0.000000" m_c="0.000000" m_d="1.000000" m_tx="-161.904755" m_ty="-400.000000"/>
  </frame>
  <frame idx="250" w="357" h="660" x="0.095245" y="-200.000000">
   <element name="symbol0" layername="symbo" frame="1" z_index="4" m_a="1.000000" m_b="0.000000" m_c="0.000000" m_d="1.000000" m_tx="-161.904755" m_ty="-400.000000"/>
  </frame>
  <frame idx="275" w="357" h="660" x="0.095245" y="-200.000000">
   <element name="symbol0" layername="symbo" frame="1" z_index="4" m_a="1.000000" m_b="0.000000" m_c="0.000000" m_d="1.000000" m_tx="-161.904755" m_ty="-400.000000"/>
  </frame>
  <frame idx="300" w="357" h="660" x="0.095245" y="-200.000000">
   <element name="symbol0" layername="symbo" frame="1" z_index="4" m_a="1.000000" m_b="0.000000" m_c="0.000000" m_d="1.000000" m_tx="-161.904755" m_ty="-400.000000"/>
  </frame>
  <frame idx="325" w="357" h="660" x="0.095245" y="-200.000000">
   <element name="symbol0" layername="symbo" frame="1" z_index="4" m_a="1.000000" m_b="0.000000" m_c="0.000000" m_d="1.000000" m_tx="-161.904755" m_ty="-400.000000"/>
  </frame>
  <frame idx="350" w="357" h="660" x="0.095245" y="-200.000000">
   <element name="symbol0" layername="symbo" frame="1" z_index="4" m_a="1.000000" m_b="0.000000" m_c="0.000000" m_d="1.000000" m_tx="-161.904755" m_ty="-400.000000"/>
  </frame>
  <frame idx="375" w="357" h="660" x="0.095245" y="-200.000000">
   <element name="symbol0" layername="symbo" frame="1" z_index="4" m_a="1.000000" m_b="0.000000" m_c="0.000000" m_d="1.000000" m_tx="-161.904755" m_ty="-400.000000"/>
  </frame>
  <frame idx="400" w="357" h="660" x="0.095245" y="-200.000000">
   <element name="symbol0" layername="symbo" frame="1" z_index="4" m_a="1.000000" m_b="0.000000" m_c="0.000000" m_d="1.000000" m_tx="-161.904755" m_ty="-400.000000"/>
  </frame>
  <frame idx="425" w="357" h="660" x="0.095245" y="-200.000000">
   <element name="symbol0" layername="symbo" frame="1" z_index="4" m_a="1.000000" m_b="0.000000" m_c="0.000000" m_d="1.000000" m_tx="-161.904755" m_ty="-400.000000"/>
  </frame>
  <frame idx="450" w="357" h="660" x="0.095245" y="-200.000000">
   <element name="symbol0" layername="symbo" frame="1" z_index="4" m_a="1.000000" m_b="0.000000" m_c="0.000000" m_d="1.000000" m_tx="-161.904755" m_ty="-400.000000"/>
  </frame>
  <frame idx="475" w="357" h="660" x="0.095245" y="-200.000000">
   <element name="symbol0" layername="symbo" frame="1" z_index="4" m_a="1.000000" m_b="0.000000" m_c="0.000000" m_d="1.000000" m_tx="-161.904755" m_ty="-400.000000"/>
  </frame>
  <frame idx="500" w="357" h="660" x="0.095245" y="-200.000000">
   <element name="symbol0" layername="symbo" frame="1" z_index="4" m_a="1.000000" m_b="0.000000" m_c="0.000000" m_d="1.000000" m_tx="-161.904755" m_ty="-400.000000"/>
  </frame>
  <frame idx="525" w="357" h="660" x="0.095245" y="-200.000000">
   <element name="symbol0" layername="symbo" frame="1" z_index="4" m_a="1.000000" m_b="0.000000" m_c="0.000000" m_d="1.000000" m_tx="-161.904755" m_ty="-400.000000"/>
  </frame>
  <frame idx="550" w="357" h="660" x="0.095245" y="-200.000000">
   <element name="symbol0" layername="symbo" frame="1" z_index="4" m_a="1.000000" m_b="0.000000" m_c="0.000000" m_d="1.000000" m_tx="-161.904755" m_ty="-400.000000"/>
  </frame>
  <frame idx="575" w="357" h="660" x="0.095245" y="-200.000000">
   <element name="symbol0" layername="symbo" frame="1" z_index="4" m_a="1.000000" m_b="0.000000" m_c="0.000000" m_d="1.000000" m_tx="-161.904755" m_ty="-400.000000"/>
  </frame>
  <frame idx="600" w="357" h="660" x="0.095245" y="-200.000000">
   <element name="symbol0" layername="symbo" frame="1" z_index="4" m_a="1.000000" m_b="0.000000" m_c="0.000000" m_d="1.000000" m_tx="-161.904755" m_ty="-400.000000"/>
  </frame>
  <frame idx="625" w="357" h="660" x="0.095245" y="-200.000000">
   <element name="symbol0" layername="symbo" frame="1" z_index="4" m_a="1.000000" m_b="0.000000" m_c="0.000000" m_d="1.000000" m_tx="-161.904755" m_ty="-400.000000"/>
  </frame>
  <frame idx="650" w="357" h="660" x="0.095245" y="-200.000000">
   <element name="symbol0" layername="symbo" frame="1" z_index="4" m_a="1.000000" m_b="0.000000" m_c="0.000000" m_d="1.000000" m_tx="-161.904755" m_ty="-400.000000"/>
  </frame>
  <frame idx="675" w="357" h="660" x="0.095245" y="-200.000000">
   <element name="symbol0" layername="symbo" frame="1" z_index="4" m_a="1.000000" m_b="0.000000" m_c="0.000000" m_d="1.000000" m_tx="-161.904755" m_ty="-400.000000"/>
  </frame>
  <frame idx="700" w="357" h="660" x="0.095245" y="-200.000000">
   <element name="symbol0" layername="symbo" frame="1" z_index="4" m_a="1.000000" m_b="0.000000" m_c="0.000000" m_d="1.000000" m_tx="-161.904755" m_ty="-400.000000"/>
  </frame>
  <frame idx="725" w="357" h="660" x="0.095245" y="-200.000000">
   <element name="symbol0" layername="symbo" frame="1" z_index="4" m_a="1.000000" m_b="0.000000" m_c="0.000000" m_d="1.000000" m_tx="-161.904755" m_ty="-400.000000"/>
  </frame>
  <frame idx="750" w="357" h="660" x="0.095245" y="-200.000000">
   <element name="symbol0" layername="symbo" frame="1" z_index="4" m_a="1.000000" m_b="0.000000" m_c="0.000000" m_d="1.000000" m_tx="-161.904755" m_ty="-400.000000"/>
  </frame>
  <frame idx="775" w="357" h="660" x="0.095245" y="-200.000000">
   <element name="symbol0" layername="symbo" frame="1" z_index="4" m_a="1.000000" m_b="0.000000" m_c="0.000000" m_d="1.000000" m_tx="-161.904755" m_ty="-400.000000"/>
  </frame>
  <frame idx="800" w="357" h="660" x="0.095245" y="-200.000000">
   <element name="symbol0" layername="symbo" frame="1" z_index="4" m_a="1.000000" m_b="0.000000" m_c="0.000000" m_d="1.000000" m_tx="-161.904755" m_ty="-400.000000"/>
  </frame>
  <frame idx="825" w="357" h="660" x="0.095245" y="-200.000000">
   <element name="symbol0" layername="symbo" frame="1" z_index="4" m_a="1.000000" m_b="0.000000" m_c="0.000000" m_d="1.000000" m_tx="-161.904755" m_ty="-400.000000"/>
  </frame>
  <frame idx="850" w="357" h="660" x="0.095245" y="-200.000000">
   <element name="symbol0" layername="symbo" frame="1" z_index="4" m_a="1.000000" m_b="0.000000" m_c="0.000000" m_d="1.000000" m_tx="-161.904755" m_ty="-400.000000"/>
  </frame>
  <frame idx="875" w="357" h="660" x="0.095245" y="-200.000000">
   <element name="symbol0" layername="symbo" frame="1" z_index="4" m_a="1.000000" m_b="0.000000" m_c="0.000000" m_d="1.000000" m_tx="-161.904755" m_ty="-400.000000"/>
  </frame>
  <frame idx="900" w="357" h="660" x="0.095245" y="-200.000000">
   <element name="symbol0" layername="symbo" frame="1" z_index="4" m_a="1.000000" m_b="0.000000" m_c="0.000000" m_d="1.000000" m_tx="-161.904755" m_ty="-400.000000"/>
  </frame>
  <frame idx="925" w="357" h="660" x="0.095245" y="-200.000000">
   <element name="symbol0" layername="symbo" frame="1" z_index="4" m_a="1.000000" m_b="0.000000" m_c="0.000000" m_d="1.000000" m_tx="-161.904755" m_ty="-400.000000"/>
  </frame>
  <frame idx="950" w="357" h="660" x="0.095245" y="-200.000000">
   <element name="symbol0" layername="symbo" frame="1" z_index="4" m_a="1.000000" m_b="0.000000" m_c="0.000000" m_d="1.000000" m_tx="-161.904755" m_ty="-400.000000"/>
  </frame>
  <frame idx="975" w="357" h="660" x="0.095245" y="-200.000000">
   <element name="symbol0" layername="symbo" frame="1" z_index="4" m_a="1.000000" m_b="0.000000" m_c="0.000000" m_d="1.000000" m_tx="-161.904755" m_ty="-400.000000"/>
  </frame>
 </anim>
 <anim name="hit_90s" root="magician_chest" numframes="175" framerate="40">
  <frame idx="0" w="337" h="682" x="-5.779846" y="-204.643738">
   <element name="symbol0" layername="symbo" frame="0" z_index="4" m_a="1.026601" m_b="0.053802" m_c="-0.050640" m_d="0.966274" m_tx="-0.915077" m_ty="-15.979380"/>
  </frame>
  <frame idx="25" w="303" h="675" x="4.289856" y="-211.487747">
   <element name="symbol0" layername="symbo" frame="0" z_index="4" m_a="1.024370" m_b="0.000000" m_c="0.000000" m_d="0.968320" m_tx="-1.024478" m_ty="-15.929892"/>
  </frame>
  <frame idx="50" w="307" h="685" x="8.224380" y="-214.650604">
   <element name="symbol0" layername="symbo" frame="0" z_index="4" m_a="1.021363" m_b="-0.022019" m_c="0.020865" m_d="0.967845" m_tx="-1.000001" m_ty="-15.999892"/>
  </frame>
  <frame idx="75" w="311" h="695" x="8.968414" y="-217.342148">
   <element name="symbol0" layername="symbo" frame="0" z_index="4" m_a="1.015102" m_b="-0.035147" m_c="0.033714" m_d="0.973727" m_tx="-2.064262" m_ty="-18.123499"/>
  </frame>
  <frame idx="100" w="301" h="686" x="1.047562" y="-208.345551">
   <element name="symbol0" layername="symbo" frame="0" z_index="4" m_a="0.999988" m_b="-0.004869" m_c="0.004859" m_d="0.997758" m_tx="-1.956577" m_ty="-18.219122"/>
  </frame>
  <frame idx="125" w="316" h="692" x="-7.069183" y="-200.110092">
   <element name="symbol0" layername="symbo" frame="0" z_index="4" m_a="0.986390" m_b="0.025140" m_c="-0.025952" m_d="1.018249" m_tx="-1.846104" m_ty="-18.306667"/>
  </frame>
  <frame idx="150" w="327" h="695" x="-10.687531" y="-197.964539">
   <element name="symbol0" layername="symbo" frame="0" z_index="4" m_a="0.985815" m_b="0.042025" m_c="-0.043382" m_d="1.017656" m_tx="-1.778200" m_ty="-18.334560"/>
  </frame>
 </anim>
</Anims>
